{"impr_dict": {"k": {"small": {"rel_improvements_vertex": {"median": 1.6666666666666667, "mean": 1.7898079799295605, "stdev": 0.5733652304190067}, "rel_improvements_base": {"median": 1.8071005917159764, "mean": 2.6960198833039093, "stdev": 3.2785241236926876}, "number_of_unitigs": 329, "abs_improvements_vertex": {"median": 2, "mean": 2.5379939209726445, "stdev": 1.6800252937881057}, "abs_improvements_base": {"median": 1574, "mean": 1658.689969604863, "stdev": 1323.4594338703034}}, "total": {"rel_improvements_vertex": {"median": 1.6666666666666667, "mean": 1.791194220348299, "stdev": 0.5731258076322306}, "rel_improvements_base": {"median": 1.8075801749271136, "mean": 2.69154034706646, "stdev": 3.2690914842702083}, "number_of_unitigs": 331, "abs_improvements_vertex": {"median": 2, "mean": 2.580060422960725, "stdev": 1.7706602079720373}, "abs_improvements_base": {"median": 1588, "mean": 1661.607250755287, "stdev": 1320.0110340936872}}}, "k+1": {"small": {"rel_improvements_vertex": {"median": 1.0, "mean": 1.1710811984368215, "stdev": 0.383953566269918}, "rel_improvements_base": {"median": 1.0, "mean": 1.5667255256577155, "stdev": 2.257378022705024}, "number_of_unitigs": 329, "abs_improvements_vertex": {"median": 0, "mean": 0.5531914893617021, "stdev": 1.2288691372610487}, "abs_improvements_base": {"median": 0, "mean": 281.37386018237083, "stdev": 701.7020010068845}}, "total": {"rel_improvements_vertex": {"median": 1.0, "mean": 1.1700474751834269, "stdev": 0.3830185362891068}, "rel_improvements_base": {"median": 1.0, "mean": 1.563301202239844, "stdev": 2.2509568945729037}, "number_of_unitigs": 331, "abs_improvements_vertex": {"median": 0, "mean": 0.5498489425981873, "stdev": 1.225891750185603}, "abs_improvements_base": {"median": 0, "mean": 279.6737160120846, "stdev": 699.9131867408452}}}, "t": {"small": {"rel_improvements_vertex": {"median": 1.0, "mean": 1.1710811984368215, "stdev": 0.383953566269918}, "rel_improvements_base": {"median": 1.0, "mean": 1.5667255256577155, "stdev": 2.257378022705024}, "number_of_unitigs": 329, "abs_improvements_vertex": {"median": 0, "mean": 0.5531914893617021, "stdev": 1.2288691372610487}, "abs_improvements_base": {"median": 0, "mean": 281.37386018237083, "stdev": 701.7020010068845}}, "total": {"rel_improvements_vertex": {"median": 1.0, "mean": 1.1700474751834269, "stdev": 0.3830185362891068}, "rel_improvements_base": {"median": 1.0, "mean": 1.563301202239844, "stdev": 2.2509568945729037}, "number_of_unitigs": 331, "abs_improvements_vertex": {"median": 0, "mean": 0.5498489425981873, "stdev": 1.225891750185603}, "abs_improvements_base": {"median": 0, "mean": 279.6737160120846, "stdev": 699.9131867408452}}}, "2k": {"small": {"rel_improvements_vertex": {"median": 1.0, "mean": 1.1710811984368215, "stdev": 0.383953566269918}, "rel_improvements_base": {"median": 1.0, "mean": 1.5667255256577155, "stdev": 2.257378022705024}, "number_of_unitigs": 329, "abs_improvements_vertex": {"median": 0, "mean": 0.5531914893617021, "stdev": 1.2288691372610487}, "abs_improvements_base": {"median": 0, "mean": 281.37386018237083, "stdev": 701.7020010068845}}, "total": {"rel_improvements_vertex": {"median": 1.0, "mean": 1.1700474751834269, "stdev": 0.3830185362891068}, "rel_improvements_base": {"median": 1.0, "mean": 1.563301202239844, "stdev": 2.2509568945729037}, "number_of_unitigs": 331, "abs_improvements_vertex": {"median": 0, "mean": 0.5498489425981873, "stdev": 1.225891750185603}, "abs_improvements_base": {"median": 0, "mean": 279.6737160120846, "stdev": 699.9131867408452}}}}, "fixed_l_dict": {"unitigs": {"small": {"e_size_density_vertex": {"median": 0.6944444444444445, "mean": 0.6413543622577236, "stdev": 0.31561132403803793}, "e_size_density_bases": {"median": 0.9561149691358024, "mean": 0.6922933200642313, "stdev": 0.37512421919923655}, "max_prop_cov_vertex": {"median": 0.8, "mean": 0.7504309416074122, "stdev": 0.3119116502403914}, "max_prop_cov_bases": {"median": 0.9888888888888889, "mean": 0.7635559939724772, "stdev": 0.33310449613042}}, "medium": {"e_size_density_vertex": {"median": 0.875, "mean": 0.6880538241721862, "stdev": 0.2649492596913178}, "e_size_density_bases": {"median": 0.9768457121000992, "mean": 0.7781728302419072, "stdev": 0.2937749278199505}, "max_prop_cov_vertex": {"median": 1.0, "mean": 0.8019982616473844, "stdev": 0.25196350111644483}, "max_prop_cov_bases": {"median": 1.0, "mean": 0.8494973440841813, "stdev": 0.2422087587150477}}, "large": {"e_size_density_vertex": {"median": 0.4166666666666667, "mean": 0.4112505406483581, "stdev": 0.265249371547325}, "e_size_density_bases": {"median": 0.500145260622194, "mean": 0.4769408836780556, "stdev": 0.3351533771681991}, "max_prop_cov_vertex": {"median": 0.5, "mean": 0.5098412698412699, "stdev": 0.29701144326453677}, "max_prop_cov_bases": {"median": 0.563390147093159, "mean": 0.5660925182396458, "stdev": 0.3266342699209479}}}, "k": {"small": {"e_size_density_vertex": {"median": 1.0, "mean": 0.8883169250606225, "stdev": 0.16761815308615416}, "e_size_density_bases": {"median": 1.0, "mean": 0.9077787030163443, "stdev": 0.15649351945084353}, "max_prop_cov_vertex": {"median": 1.0, "mean": 0.9307584572290455, "stdev": 0.1438225437342303}, "max_prop_cov_bases": {"median": 1.0, "mean": 0.944664749206249, "stdev": 0.12761726136365167}}, "medium": {"e_size_density_vertex": {"median": 1.0, "mean": 0.8856440056820427, "stdev": 0.18501144415803297}, "e_size_density_bases": {"median": 1.0, "mean": 0.920347832852428, "stdev": 0.14366978366334562}, "max_prop_cov_vertex": {"median": 1.0, "mean": 0.9173991375745761, "stdev": 0.15300094949556892}, "max_prop_cov_bases": {"median": 1.0, "mean": 0.9514819752111263, "stdev": 0.10335092900839916}}, "large": {"e_size_density_vertex": {"median": 0.8888888888888888, "mean": 0.7575600347134739, "stdev": 0.251220478615838}, "e_size_density_bases": {"median": 0.9417719893936777, "mean": 0.8009578262039438, "stdev": 0.22056561933687438}, "max_prop_cov_vertex": {"median": 1.0, "mean": 0.812063492063492, "stdev": 0.22407616672873262}, "max_prop_cov_bases": {"median": 1.0, "mean": 0.8458492435107864, "stdev": 0.19271638387294662}}}, "k+1": {"small": {"e_size_density_vertex": {"median": 0.875, "mean": 0.8169355006960048, "stdev": 0.1540058411335793}, "e_size_density_bases": {"median": 0.9654782218342172, "mean": 0.8893710859196806, "stdev": 0.15474516685539175}, "max_prop_cov_vertex": {"median": 1.0, "mean": 0.9140486964016376, "stdev": 0.15335321336287888}, "max_prop_cov_bases": {"median": 1.0, "mean": 0.9414677790069484, "stdev": 0.1278504423915216}}, "medium": {"e_size_density_vertex": {"median": 0.8888888888888888, "mean": 0.8104020257018166, "stdev": 0.17065661245778715}, "e_size_density_bases": {"median": 0.9863475640375926, "mean": 0.8981358131477566, "stdev": 0.1498347585899887}, "max_prop_cov_vertex": {"median": 1.0, "mean": 0.9078985342143236, "stdev": 0.15705303888458183}, "max_prop_cov_bases": {"median": 1.0, "mean": 0.9467385049434184, "stdev": 0.10440549540073792}}, "large": {"e_size_density_vertex": {"median": 0.5972222222222222, "mean": 0.638410988984071, "stdev": 0.1834066597040269}, "e_size_density_bases": {"median": 0.6379754046015587, "mean": 0.7207349825741092, "stdev": 0.1973011943939159}, "max_prop_cov_vertex": {"median": 0.6666666666666666, "mean": 0.7370634920634921, "stdev": 0.19724314027869067}, "max_prop_cov_bases": {"median": 0.7836779448621554, "mean": 0.7911335668098686, "stdev": 0.18620737826902536}}}, "t": {"small": {"e_size_density_vertex": {"median": 0.875, "mean": 0.8169355006960048, "stdev": 0.1540058411335793}, "e_size_density_bases": {"median": 0.9654782218342172, "mean": 0.8893710859196806, "stdev": 0.15474516685539175}, "max_prop_cov_vertex": {"median": 1.0, "mean": 0.9140486964016376, "stdev": 0.15335321336287888}, "max_prop_cov_bases": {"median": 1.0, "mean": 0.9414677790069484, "stdev": 0.1278504423915216}}, "medium": {"e_size_density_vertex": {"median": 0.8888888888888888, "mean": 0.8104020257018166,