{"impr_dict": {"k": {"small": {"rel_improvements_vertex": {"median": 1.5, "mean": 1.559782608695652, "stdev": 0.21943975207013716}, "rel_improvements_base": {"median": 1.7420050637842048, "mean": 2.9090137227800663, "stdev": 3.0630044165835053}, "number_of_unitigs": 138, "abs_improvements_vertex": {"median": 1.0, "mean": 1.1884057971014492, "stdev": 0.5342396826390701}, "abs_improvements_base": {"median": 325.0, "mean": 709.3188405797101, "stdev": 923.8967062805334}}, "total": {"rel_improvements_vertex": {"median": 1.5, "mean": 1.559782608695652, "stdev": 0.21943975207013716}, "rel_improvements_base": {"median": 1.7420050637842048, "mean": 2.9090137227800663, "stdev": 3.0630044165835053}, "number_of_unitigs": 138, "abs_improvements_vertex": {"median": 1.0, "mean": 1.1884057971014492, "stdev": 0.5342396826390701}, "abs_improvements_base": {"median": 325.0, "mean": 709.3188405797101, "stdev": 923.8967062805334}}}, "k+1": {"small": {"rel_improvements_vertex": {"median": 1.0, "mean": 1.0144927536231885, "stdev": 0.11994568395899624}, "rel_improvements_base": {"median": 1.0, "mean": 1.0115190792874333, "stdev": 0.09536169813923688}, "number_of_unitigs": 138, "abs_improvements_vertex": {"median": 0.0, "mean": 0.050724637681159424, "stdev": 0.42413439145663623}, "abs_improvements_base": {"median": 0.0, "mean": 8.884057971014492, "stdev": 74.65463767562177}}, "total": {"rel_improvements_vertex": {"median": 1.0, "mean": 1.0144927536231885, "stdev": 0.11994568395899624}, "rel_improvements_base": {"median": 1.0, "mean": 1.0115190792874333, "stdev": 0.09536169813923688}, "number_of_unitigs": 138, "abs_improvements_vertex": {"median": 0.0, "mean": 0.050724637681159424, "stdev": 0.42413439145663623}, "abs_improvements_base": {"median": 0.0, "mean": 8.884057971014492, "stdev": 74.65463767562177}}}, "t": {"small": {"rel_improvements_vertex": {"median": 1.0, "mean": 1.0144927536231885, "stdev": 0.11994568395899624}, "rel_improvements_base": {"median": 1.0, "mean": 1.0115190792874333, "stdev": 0.09536169813923688}, "number_of_unitigs": 138, "abs_improvements_vertex": {"median": 0.0, "mean": 0.050724637681159424, "stdev": 0.42413439145663623}, "abs_improvements_base": {"median": 0.0, "mean": 8.884057971014492, "stdev": 74.65463767562177}}, "total": {"rel_improvements_vertex": {"median": 1.0, "mean": 1.0144927536231885, "stdev": 0.11994568395899624}, "rel_improvements_base": {"median": 1.0, "mean": 1.0115190792874333, "stdev": 0.09536169813923688}, "number_of_unitigs": 138, "abs_improvements_vertex": {"median": 0.0, "mean": 0.050724637681159424, "stdev": 0.42413439145663623}, "abs_improvements_base": {"median": 0.0, "mean": 8.884057971014492, "stdev": 74.65463767562177}}}, "2k": {"small": {"rel_improvements_vertex": {"median": 1.0, "mean": 1.0144927536231885, "stdev": 0.11994568395899624}, "rel_improvements_base": {"median": 1.0, "mean": 1.0115190792874333, "stdev": 0.09536169813923688}, "number_of_unitigs": 138, "abs_improvements_vertex": {"median": 0.0, "mean": 0.050724637681159424, "stdev": 0.42413439145663623}, "abs_improvements_base": {"median": 0.0, "mean": 8.884057971014492, "stdev": 74.65463767562177}}, "total": {"rel_improvements_vertex": {"median": 1.0, "mean": 1.0144927536231885, "stdev": 0.11994568395899624}, "rel_improvements_base": {"median": 1.0, "mean": 1.0115190792874333, "stdev": 0.09536169813923688}, "number_of_unitigs": 138, "abs_improvements_vertex": {"median": 0.0, "mean": 0.050724637681159424, "stdev": 0.42413439145663623}, "abs_improvements_base": {"median": 0.0, "mean": 8.884057971014492, "stdev": 74.65463767562177}}}}, "fixed_l_dict": {"unitigs": {"small": {"e_size_density_vertex": {"median": 0.875, "mean": 0.779781175059952, "stdev": 0.2552803623027003}, "e_size_density_bases": {"median": 0.9345334993137349, "mean": 0.8260814796255316, "stdev": 0.2880092345297924}, "max_prop_cov_vertex": {"median": 1.0, "mean": 0.8864508393285372, "stdev": 0.26807875180847623}, "max_prop_cov_bases": {"median": 1.0, "mean": 0.889243765769479, "stdev": 0.2703032053415319}}, "medium": {"e_size_density_vertex": {"median": 0.875, "mean": 0.6583333333333333, "stdev": 0.3508068930201859}, "e_size_density_bases": {"median": 0.9726511291185174, "mean": 0.7261533067390066, "stdev": 0.3957126823491937}, "max_prop_cov_vertex": {"median": 1.0, "mean": 0.7333333333333333, "stdev": 0.40237390808147827}, "max_prop_cov_bases": {"median": 1.0, "mean": 0.7600505509465225, "stdev": 0.4029466245898773}}}, "k": {"small": {"e_size_density_vertex": {"median": 1.0, "mean": 0.9702865707434053, "stdev": 0.09569170067574467}, "e_size_density_bases": {"median": 1.0, "mean": 0.97189134237842, "stdev": 0.09591655296680723}, "max_prop_cov_vertex": {"median": 1.0, "mean": 0.9856115107913669, "stdev": 0.07635521274860378}, "max_prop_cov_bases": {"median": 1.0, "mean": 0.9847075163789234, "stdev": 0.08241215112385876}}, "medium": {"e_size_density_vertex": {"median": 1.0, "mean": 0.9480864197530864, "stdev": 0.1134371102717499}, "e_size_density_bases": {"median": 1.0, "mean": 0.9829975218027274, "stdev": 0.03980865683913678}, "max_prop_cov_vertex": {"median": 1.0, "mean": 0.9777777777777777, "stdev": 0.08606629658238704}, "max_prop_cov_bases": {"median": 1.0, "mean": 0.995549128304009, "stdev": 0.017238151954679114}}}, "k+1": {"small": {"e_size_density_vertex": {"median": 0.875, "mean": 0.8465165867306155, "stdev": 0.10235734241308676}, "e_size_density_bases": {"median": 0.9345334993137349, "mean": 0.9018791720712397, "stdev": 0.12049113797528736}, "max_prop_cov_vertex": {"median": 1.0, "mean": 0.9599520383693045, "stdev": 0.11370851908561047}, "max_prop_cov_bases": {"median": 1.0, "mean": 0.9662142038345807, "stdev": 0.10708470989496785}}, "medium": {"e_size_density_vertex": {"median": 0.875, "mean": 0.8064197530864198, "stdev": 0.09726093123748392}, "e_size_density_bases": {"median": 0.9726511291185174, "mean": 0.9091508285417339, "stdev": 0.12531059744298778}, "max_prop_cov_vertex": {"median": 1.0, "mean": 0.9111111111111111, "stdev": 0.15257923607235452}, "max_prop_cov_bases": {"median": 1.0, "mean": 0.9555996792505315, "stdev": 0.08930137747922626}}}, "t": {"small": {"e_size_density_vertex": {"median": 0.875, "mean": 0.8465165867306155, "stdev": 0.10235734241308676}, "e_size_density_bases": {"median": 0.9345334993137349, "mean": 0.9018791720712397, "stdev": 0.12049113797528736}, "max_prop_cov_vertex": {"median": 1.0, "mean": 0.9599520383693045, "stdev": 0.11370851908561047}, "max_prop_cov_bases": {"median": 1.0, "mean": 0.9662142038345807, "stdev": 0.10708470989496785}}, "medium": {"e_size_density_vertex": {"median": 0.875, "mean": 0.8064197530864198, "stdev": 0.09726093123748392}, "e_size_density_bases": {"median": 0.9726511291185174, "mean": 0.9091508285417339, "stdev": 0.12531059744298778}, "max_prop_cov_vertex": {"median": 1.0, "mean": 0.9111111111111111, "stdev": 0.15257923607235452}, "max_prop_cov_bases": {"median": 1.0, "mean": 0.9555996792505315, "stdev": 0.08930137747922626}}}, "2k": {"small": {"e_size_density_vertex": {"median": 0.875, "mean": 0.8465165867306155, "stdev": 0.10235734241308676}, "e_size_density_bases": {"median": 0.9345334993137349, "mean": 0.9018791720712397, "stdev": 0.12049113797528736}, "max_prop_cov_vertex": {"median": 1.0, "mean": 0.9599520383693045, "stdev": 0.11370851908561047}, "max_prop_cov_bases": {"median": 1.0, "mean": 0.9662142038345807, "stdev": 0.10708470989496785}}, "medium": {"e_size_density_vertex": {"median": 0.875, "mean": 0.8064197530864198, "stdev": 0.09726093123748392}, "e_size_density_bases": {"median": 0.9726511291185174, "mean": 0.9091508285417339, "stdev": 0.12531059744298778}, "max_prop_cov_vertex": {"median": 1.0, "mean": 0.9111111111111111, "stdev": 0.15257923607235452}, "max_prop_cov_bases": {"median": 1.0, "mean": 0.9555996792505315, "stdev": 0.08930137747922626}}}}, "fixed_rd_dict": {"k": {"small": {"e_size_density_vertex": {"median": 1.0, "mean": 0.9683298685782556, "stdev": 0.09708365157643736},